{"id":1,"name":"123","position":{"x":2.3140604496002199,"y":2.056497097015381,"z":1.1373114585876465}}